timestamp,latitude,longitude
1437680357,nan,nan
1437680405,nan,nan
1437680465,nan,nan
1437680526,nan,nan
1437680616,nan,nan
1437680688,nan,nan
1437680748,nan,nan
1437680808,nan,nan
1437680868,nan,nan
1437680945,nan,nan
1437681010,nan,nan
1437681091,nan,nan
1437681151,nan,nan
1437681212,nan,nan
1437681272,nan,nan
1437681332,nan,nan
1437681392,nan,nan
1437681464,nan,nan
1437681516,nan,nan
1437681813,nan,nan
1437681860,nan,nan
1437681920,nan,nan
1437681980,nan,nan
1437682041,nan,nan
1437682114,nan,nan
1437682196,nan,nan
1437682255,nan,nan
1437682372,nan,nan
1437682433,nan,nan
1437682605,nan,nan
1437682754,nan,nan
1437682807,nan,nan
1437682868,nan,nan
1437682928,nan,nan
1437682987,nan,nan
1437683451,nan,nan
1437683512,nan,nan
1437683570,nan,nan
1437683824,nan,nan
1437688677,nan,nan
1437689171,nan,nan
1437689445,nan,nan
1437689505,nan,nan
1437689565,nan,nan
1437689631,nan,nan
1437690418,nan,nan
1437690533,nan,nan
1437690766,nan,nan
1437691070,nan,nan
1437691134,nan,nan
1437691205,nan,nan
1437691253,nan,nan
1437691325,nan,nan
1437691370,nan,nan
1437691430,nan,nan
1437691490,nan,nan
1437691550,nan,nan
1437691610,nan,nan
1437691673,nan,nan
1437691739,nan,nan
1437691800,nan,nan
1437691854,nan,nan
1437691920,nan,nan
1437691985,nan,nan
1437692045,nan,nan
1437692105,nan,nan
1437692165,nan,nan
1437692226,nan,nan
1437692273,nan,nan
1437692334,nan,nan
1437693761,nan,nan
1437693836,nan,nan
1437693896,nan,nan
1437693956,nan,nan
1437694016,nan,nan
1437694077,nan,nan
1437694134,nan,nan
1437694189,nan,nan
1437694240,nan,nan
1437694306,nan,nan
1437694366,nan,nan
1437694426,nan,nan
1437694486,nan,nan
1437694555,nan,nan
1437694615,nan,nan
1437694675,nan,nan
1437694736,nan,nan
1437694797,nan,nan
1437694857,nan,nan
1437696521,32.903245,-117.230582
1437696638,32.903245,-117.230587
1437696758,32.903149,-117.230304
1437696818,32.903152,-117.230296
1437696940,32.903149,-117.230283
1437697015,32.903156,-117.230318
1437697080,32.903258,-117.230425
1437697154,32.903277,-117.230499
1437697186,32.903280,-117.230513
1437697256,32.903274,-117.230507
1437697309,32.903275,-117.230508
1437697360,32.903278,-117.230519
1437697480,32.903273,-117.230513
1437697545,32.903275,-117.230507
1437697598,32.903274,-117.230510
1437697719,32.903274,-117.230514
1437697782,32.903156,-117.230290
1437697855,32.903277,-117.230515
1437697899,32.903277,-117.230517
1437697958,32.903276,-117.230521
1437698018,32.903278,-117.230515
1437698096,32.903146,-117.230302
1437698155,32.903146,-117.230303
1437698198,32.903280,-117.230509
1437698266,32.903281,-117.230511
1437698300,32.903152,-117.230301
1437698366,32.903150,-117.230307
1437698426,32.903279,-117.230515
1437698487,32.903279,-117.230515
1437698547,32.903279,-117.230514
1437698607,32.903277,-117.230516
1437698667,32.903277,-117.230522
1437698727,32.903276,-117.230514
1437698788,32.903277,-117.230522
1437698866,32.903277,-117.230523
1437698901,32.903277,-117.230525
1437698991,32.903272,-117.230529
1437699051,32.903333,-117.230410
1437699085,32.903350,-117.230557
1437699274,32.903115,-117.230671
1437699331,32.902448,-117.225845
1437699394,32.901325,-117.225389
1437699455,32.899422,-117.225867
1437699502,32.896970,-117.226161
1437699562,32.893637,-117.227283
1437699652,32.887538,-117.228393
1437699695,32.886040,-117.223533
1437699740,32.880020,-117.216448
1437699823,32.876866,-117.214118
1437699863,32.876124,-117.214087
1437699978,32.875352,-117.214100
1437700042,32.875041,-117.211541
1437700106,32.874417,-117.207537
1437700171,32.870877,-117.207320
1437700218,32.865042,-117.209500
1437700282,32.865073,-117.209856
1437700345,32.865014,-117.210075
1437700419,32.865029,-117.210034
1437700459,32.865033,-117.210026
1437700518,32.865034,-117.210027
1437700638,32.865037,-117.210028
1437700717,32.865040,-117.210038
1437700766,32.865040,-117.210039
1437700818,32.865047,-117.210057
1437700939,32.865049,-117.210062
1437701059,32.865057,-117.210069
1437701180,32.865057,-117.210070
1437701300,32.865057,-117.210070
1437701358,32.865053,-117.210068
1437701444,32.865052,-117.210067
1437701480,32.865052,-117.210067
1437701539,32.865053,-117.210067
1437701658,32.865052,-117.210064
1437701782,32.865116,-117.209923
1437701855,32.865100,-117.209937
1437701901,32.865058,-117.209976
1437702018,32.865053,-117.209977
1437702138,32.865050,-117.209978
1437702258,32.865055,-117.209981
1437702380,32.865055,-117.209980
1437702499,32.865054,-117.209979
1437705265,32.865058,-117.209774
1437705322,32.864117,-117.206727
1437705387,32.865446,-117.199064
1437705438,32.866899,-117.192558
1437705498,32.854647,-117.182644
1437705560,32.839219,-117.173203
1437705618,32.825861,-117.165004
1437705691,32.806982,-117.151839
1437705745,32.791235,-117.149480
1437705807,32.776905,-117.135840
1437705868,32.765589,-117.128425
1437705922,32.748870,-117.122730
1437705982,32.734279,-117.113347
1437706038,32.723530,-117.102769
1437706101,32.707919,-117.097528
1437706163,32.694510,-117.095127
1437706582,32.654082,-117.066781
1437706642,32.654409,-117.066059
1437706702,32.654578,-117.066284
1437706761,32.654566,-117.066285
1437706833,32.654529,-117.066282
1437706885,32.654533,-117.066293
1437706938,32.654511,-117.066293
1437707004,32.654500,-117.066298
1437707067,32.654494,-117.066297
1437707131,32.654502,-117.066240
1437707196,32.657893,-117.069364
1437707240,32.660218,-117.067200
1437707300,32.660561,-117.074930
1437707376,32.673561,-117.082700
1437707418,32.683675,-117.088186
1437707501,32.704181,-117.094958
1437707541,32.712949,-117.101798
1437707613,32.730327,-117.108363
1437707658,32.740446,-117.115863
1437707718,32.754843,-117.124707
1437707786,32.773853,-117.133368
1437707909,32.802423,-117.150242
1437707959,32.814549,-117.157991
1437708018,32.829279,-117.166867
1437708078,32.846203,-117.177084
1437708147,32.862435,-117.187626
1437708220,32.869987,-117.194796
1437708260,32.867637,-117.197030
1437708321,32.864604,-117.207455
1437708443,32.864862,-117.209675
1437708502,32.865034,-117.209810
1437708560,32.865058,-117.210024
1437708618,32.865103,-117.210035
1437708740,32.865078,-117.210015
1437708861,32.865213,-117.210171
1437708981,32.865203,-117.210112
1437709098,32.865161,-117.210048
1437709220,32.865137,-117.210036
1437709338,32.865110,-117.210037
1437709458,32.865186,-117.210019
1437709579,32.865095,-117.209985
1437709699,32.865097,-117.209986
1437709818,32.865106,-117.210036
1437709878,32.865094,-117.210034
1437709938,32.865093,-117.210047
1437709998,32.865083,-117.210039
1437710058,32.865074,-117.210039
1437710119,32.865065,-117.210044
1437710179,32.865068,-117.209757
1437710239,32.864739,-117.209228
1437710299,32.864259,-117.209305
1437710359,32.864066,-117.209206
1437710419,32.864135,-117.209236
1437710479,32.864131,-117.209287
1437710540,32.864034,-117.209181
1437710600,32.864046,-117.209208
1437710661,32.864031,-117.209210
1437710725,32.863579,-117.209167
1437710785,32.864107,-117.209238
1437710845,32.864052,-117.209219
1437710905,32.864034,-117.209204
1437710966,32.864048,-117.209208
1437711026,32.864062,-117.209188
1437711086,32.864069,-117.209197
1437711141,32.864097,-117.209218
1437711207,32.864047,-117.209197
1437711267,32.864051,-117.209221
1437711319,32.864072,-117.209193
1437711380,32.864079,-117.209225
1437711449,32.863886,-117.209235
1437711500,32.864067,-117.209200
1437711559,32.864006,-117.209191
1437711630,32.863940,-117.209197
1437711691,32.864037,-117.209221
1437711751,32.863948,-117.209197
1437711811,32.863964,-117.209187
1437711871,32.863965,-117.209186
1437711920,32.864029,-117.209181
1437711991,32.863949,-117.209198
1437712066,32.863953,-117.209201
1437712100,32.863954,-117.209202
1437712160,32.863959,-117.209197
1437712279,32.863959,-117.209192
1437712399,32.863958,-117.209193
1437712519,32.864746,-117.209299
1437712642,32.865054,-117.210004
1437712766,32.865048,-117.210000
1437712885,32.865046,-117.209993
1437713007,32.865044,-117.209987
1437713089,32.865052,-117.209982
1437713129,32.865058,-117.209981
1437713288,32.865060,-117.210020
1437713348,32.865054,-117.210023
1437713411,32.865058,-117.210024
1437713471,32.865050,-117.210033
1437713525,32.865073,-117.210021
1437713581,32.865053,-117.210046
1437713651,32.865043,-117.210043
1437713710,32.865049,-117.210039
1437713768,32.865048,-117.210039
1437713829,32.865054,-117.210041
1437713892,32.865057,-117.210043
1437713941,32.865060,-117.210045
1437714012,32.865060,-117.210048
1437714057,32.865062,-117.210046
1437714133,32.865062,-117.210046
1437714181,32.865055,-117.210020
1437714253,32.865050,-117.210013
1437714313,32.865062,-117.210047
1437714374,32.865063,-117.210046
1437714419,32.865061,-117.210048
1437714472,32.865059,-117.210052
1437714551,32.865059,-117.210057
1437714588,32.865057,-117.210061
1437714711,32.865053,-117.210053
1437714831,32.865057,-117.210054
1437714889,32.865058,-117.210052
1437714948,32.865059,-117.210052
1437715008,32.865062,-117.210062
1437715068,32.865066,-117.210062
1437715128,32.865068,-117.210062
1437715189,32.865066,-117.210067
1437715249,32.865070,-117.210074
1437715309,32.865068,-117.210074
1437715369,32.865067,-117.210074
1437715429,32.865071,-117.210077
1437715490,32.865069,-117.210078
1437715550,32.865067,-117.210068
1437715610,32.865063,-117.210088
1437715671,32.865062,-117.210086
1437715739,32.865047,-117.210093
1437715792,32.865050,-117.210083
1437716018,32.865052,-117.210079
1437716348,32.865049,-117.210044
1437742161,32.866985,-117.213402
1437742220,32.868640,-117.218524
1437742291,32.871193,-117.224112
1437742492,32.860673,-117.244711
1437743630,32.858977,-117.246606
1437744296,32.843144,-117.279621
1437744358,32.843127,-117.279623
1437745187,32.843238,-117.279210
1437745550,32.843057,-117.279571
1437745688,32.843237,-117.279208
1437745746,nan,nan
1437745807,nan,nan
1437745867,32.843238,-117.279211
1437746283,32.843128,-117.279629
1437746654,32.843112,-117.279625
1437746774,32.843133,-117.279623
1437746832,32.843128,-117.279648
1437746892,32.843132,-117.279599
1437746952,32.843131,-117.279635
1437747012,32.843126,-117.279627
1437747073,32.843102,-117.279610
1437747133,32.843105,-117.279656
1437747193,32.843102,-117.279612
1437747253,32.843101,-117.279630
1437747313,32.843130,-117.279597
1437747373,32.843114,-117.279608
1437747434,32.843106,-117.279611
1437747494,32.843089,-117.279626
1437747554,32.843135,-117.279608
1437747615,32.843111,-117.279606
1437747675,32.843108,-117.279609
1437747735,32.843122,-117.279632
1437747795,32.843119,-117.279634
1437747859,32.843141,-117.279604
1437747919,32.843099,-117.279617
1437747979,32.843153,-117.279629
1437748039,32.843118,-117.279619
1437748102,32.843147,-117.279620
1437748162,32.843137,-117.279629
1437748222,32.843142,-117.279622
1437748282,32.843159,-117.279626
1437750435,32.843108,-117.279639
1437750506,nan,nan
1437750614,32.843107,-117.279644
1437750732,32.843101,-117.279645
1437750852,32.843121,-117.279647
1437750973,32.843103,-117.279657
1437751093,32.843120,-117.279651
1437751159,32.843099,-117.279658
1437751273,32.843106,-117.279631
1437751342,32.843111,-117.279627
1437751453,32.843106,-117.279653
1437751516,32.843097,-117.279659
1437751633,32.843100,-117.279658
1437751693,32.843111,-117.279636
1437751814,32.843125,-117.279639
1437751935,32.843101,-117.279639
1437751993,32.843114,-117.279652
1437752062,32.843089,-117.279662
1437752171,32.843103,-117.279640
1437752294,32.843107,-117.279643
1437752411,32.843101,-117.279646
1437752532,32.843132,-117.279636
1437752687,32.843119,-117.279637
1437752757,32.843082,-117.279665
1437752817,32.843108,-117.279617
1437752877,32.843129,-117.279635
1437752937,32.843147,-117.279640
1437753008,32.843121,-117.279652
1437753048,32.843130,-117.279639
1437753167,32.843107,-117.279656
1437753287,32.843126,-117.279648
1437753408,32.843149,-117.279633
1437753493,32.843122,-117.279630
1437753533,32.843128,-117.279630
1437753644,32.843179,-117.279629
1437753764,32.843157,-117.279589
1437753886,32.843151,-117.279595
1437754007,32.843130,-117.279624
1437754125,32.843110,-117.279630
1437754248,32.843153,-117.279613
1437754368,32.843124,-117.279645
1437754431,32.843134,-117.279626
1437754489,32.843136,-117.279634
1437754677,32.843116,-117.279624
1437754734,32.843095,-117.279661
1437754794,32.843117,-117.279653
1437754854,32.843135,-117.279639
1437754915,32.843148,-117.279647
1437754984,32.843153,-117.279637
1437755044,32.843111,-117.279653
1437755104,32.843125,-117.279642
1437755164,32.843176,-117.279601
1437755224,32.843175,-117.279628
1437755284,32.843137,-117.279644
1437758046,32.843154,-117.279618
1437758097,32.843127,-117.279625
1437758218,32.843136,-117.279620
1437758340,32.843149,-117.279617
1437758407,32.843121,-117.279676
1437758457,32.843137,-117.279604
1437758553,32.843131,-117.279637
1437758589,32.843158,-117.279626
1437758669,32.843118,-117.279608
1437758704,32.843121,-117.279621
1437758792,32.843145,-117.279634
1437758852,32.843123,-117.279655
1437758888,32.843116,-117.279624
1437758972,32.843137,-117.279623
1437759001,32.843153,-117.279611
1437759093,32.843183,-117.279588
1437759153,32.843151,-117.279609
1437759200,32.843159,-117.279590
1437759237,32.843156,-117.279618
1437759307,32.843097,-117.279635
1437759419,32.843140,-117.279617
1437759479,32.843156,-117.279622
1437759600,32.843116,-117.279615
1437759718,32.843154,-117.279612
1437759917,32.843136,-117.279644
1437760014,32.843089,-117.279634
1437760074,32.843079,-117.279667
1437760134,32.843097,-117.279660
1437760239,32.843073,-117.279669
1437760361,32.843053,-117.279679
1437760483,32.843081,-117.279660
1437760541,32.843116,-117.279653
1437760637,32.843123,-117.279635
1437760673,32.843122,-117.279649
1437760779,32.843116,-117.279650
1437760899,32.843116,-117.279652
1437761389,32.843125,-117.279636
1437761431,32.843113,-117.279647
1437761497,nan,nan
1437761557,32.842970,-117.279703
1437761631,32.843129,-117.279641
1437761689,32.843123,-117.279613
1437761731,32.843133,-117.279613
1437761855,32.843134,-117.279636
1437761963,32.843141,-117.279605
1437762080,32.843150,-117.279613
1437762197,32.843143,-117.279609
1437762257,32.843152,-117.279588
1437762317,32.843128,-117.279633
1437762378,32.843131,-117.279647
1437762451,32.843151,-117.279588
1437762511,32.843108,-117.279607
1437762571,32.843168,-117.279588
1437762631,32.843141,-117.279603
1437762678,32.843141,-117.279620
1437762797,32.843141,-117.279641
1437762916,32.843109,-117.279649
1437763037,32.843128,-117.279646
1437763157,32.843122,-117.279635
1437763219,32.843141,-117.279616
1437763337,32.843145,-117.279609
1437763457,32.843132,-117.279640
1437763578,32.843116,-117.279641
1437763763,32.843112,-117.279648
1437763821,32.843108,-117.279655
1437763882,32.843144,-117.279611
1437763943,32.843129,-117.279647
1437764017,32.843124,-117.279648
1437764065,32.843132,-117.279620
1437764138,32.843186,-117.279665
1437764251,nan,nan
1437764329,32.841720,-117.279929
1437764386,32.839317,-117.278595
1437764444,32.839619,-117.276344
1437764504,32.840413,-117.272906
1437764564,32.842925,-117.271929
1437764686,32.850166,-117.255793
1437764809,32.850425,-117.251131
1437764934,32.866123,-117.243146
1437764987,32.869461,-117.242436
1437765111,32.871728,-117.235731
1437765182,32.871660,-117.231565
1437765231,32.872128,-117.228648
1437765285,32.879099,-117.228360
1437765404,32.900718,-117.223856
1437765481,32.902064,-117.225383
1437765530,32.902051,-117.225415
1437765589,32.901856,-117.225374
1437765704,32.901853,-117.225353
1437765765,32.901856,-117.225353
1437765829,32.901859,-117.225357
1437765948,32.901864,-117.225370
1437766064,32.901860,-117.225372
1437766151,32.901860,-117.225376
1437766189,32.901857,-117.225382
1437766244,32.901858,-117.225395
1437766365,32.901856,-117.225395
1437766485,32.901907,-117.225409
1437766608,32.901715,-117.225101
1437766677,32.901733,-117.225113
1437766728,32.901767,-117.225114
1437766784,32.901908,-117.225386
1437766880,32.901772,-117.225133
1437766913,32.901912,-117.225382
1437766990,32.901740,-117.225142
1437767029,32.901899,-117.225373
1437767089,32.901878,-117.225381
1437767144,32.901869,-117.225387
1437767267,32.901867,-117.225384
1437767388,32.902015,-117.225383
1437767510,32.903123,-117.230230
1437767626,32.903101,-117.230686
1437767709,32.903337,-117.230654
1437767763,32.903223,-117.230478
1437767806,32.903146,-117.230356
1437767867,32.903270,-117.230564
1437767941,32.903151,-117.230300
1437768000,32.903148,-117.230306
1437768122,32.903145,-117.230313
1437768240,32.903145,-117.230319
1437768302,32.903146,-117.230315
1437768364,32.903301,-117.230605
1437768424,32.903150,-117.230312
1437768484,32.903156,-117.230316
1437768544,32.903154,-117.230311
1437768604,32.903148,-117.230322
1437768675,32.903149,-117.230307
1437768720,32.903156,-117.230316
1437768914,32.903150,-117.230322
1437768972,32.903158,-117.230320
1437769044,32.903153,-117.230323
1437769118,32.903151,-117.230351
1437769159,32.903150,-117.230327
1437769272,32.903148,-117.230325
1437769393,32.903145,-117.230310
1437769455,32.903150,-117.230303
1437769572,32.903149,-117.230316
1437769694,32.903144,-117.230303
1437769784,32.903140,-117.230310
1437769818,32.903132,-117.230314
1437770282,32.903145,-117.230307
1437770352,32.903147,-117.230307
1437770400,32.903149,-117.230305
1437770460,32.903145,-117.230311
1437770523,32.903145,-117.230303
1437770583,32.903147,-117.230318
1437770652,32.903151,-117.230303
1437770713,32.903150,-117.230317
1437770773,32.903147,-117.230306
1437770833,32.903147,-117.230314
1437770893,32.903153,-117.230347
1437770977,32.903177,-117.230886
1437771035,32.903142,-117.230309
1437771106,32.903150,-117.230325
1437771147,32.903149,-117.230319
1437771200,32.903150,-117.230305
1437771260,32.903153,-117.230321
1437771320,32.903149,-117.230322
1437771381,32.903156,-117.230324
1437771441,32.903261,-117.230756
1437771504,32.903288,-117.230721
1437771561,32.903150,-117.230303
1437771627,32.903151,-117.230304
1437771687,32.903321,-117.230681
1437771750,32.903150,-117.230311
1437771811,32.903154,-117.230323
1437771861,32.903151,-117.230344
1437771920,32.903148,-117.230304
1437771991,32.903143,-117.230311
1437772051,32.903146,-117.230315
1437772106,32.903149,-117.230302
1437772172,32.903149,-117.230303
1437772232,32.903300,-117.230668
1437772292,32.903150,-117.230311
1437772358,32.903149,-117.230299
1437772402,32.903156,-117.230332
1437772489,32.903149,-117.230309
1437772549,32.903131,-117.230335
1437772583,32.903141,-117.230317
1437772651,32.903135,-117.230315
1437772730,32.903140,-117.230320
1437772765,32.903135,-117.230312
1437772850,32.903396,-117.230739
1437772895,32.903148,-117.230349
1437772952,32.903143,-117.230316
1437773061,32.903340,-117.230460
1437773123,32.903350,-117.230472
1437773211,32.903341,-117.230483
1437773251,32.903117,-117.230445
1437773310,32.903123,-117.230434
1437773364,32.903125,-117.230440
1437773486,32.903125,-117.230433
1437773553,32.903308,-117.230495
1437773624,32.903243,-117.230524
1437773696,32.903152,-117.230300
1437773756,32.903149,-117.230306
1437773806,32.903146,-117.230308
1437773865,32.903151,-117.230310
1437773931,32.903129,-117.230362
1437773985,32.903125,-117.230368
1437774106,32.903127,-117.230360
1437774174,32.903125,-117.230376
1437774231,32.903117,-117.230360
1437774289,32.903128,-117.230361
1437774407,32.903132,-117.230352
1437774475,32.903124,-117.230365
1437774587,32.903120,-117.230366
1437774711,32.903124,-117.230385
1437774775,32.903135,-117.230366
1437774888,32.903135,-117.230366
1437775008,32.903131,-117.230374
1437775076,32.903138,-117.230364
1437775188,32.903135,-117.230367
1437775243,32.903119,-117.230362
1437775310,32.903119,-117.230383
1437775375,32.903141,-117.230356
1437775487,32.903171,-117.230705
1437775606,32.903130,-117.230376
1437775675,32.903138,-117.230349
1437775723,32.903132,-117.230369
1437775843,32.903125,-117.230371
1437775965,32.903126,-117.230358
1437776030,32.903133,-117.230356
1437776087,32.903128,-117.230357
1437776143,32.903131,-117.230357
1437776268,32.903239,-117.230705
1437776324,32.903121,-117.230373
1437776401,32.903119,-117.230369
1437776450,32.903117,-117.230379
1437776504,32.903115,-117.230379
1437776564,32.903135,-117.230354
1437776685,32.903139,-117.230713
1437776757,32.903110,-117.230633
1437776804,32.903136,-117.230677
1437776876,32.903119,-117.230672
1437776924,32.903119,-117.230351
1437776984,32.903144,-117.230677
1437777046,32.903119,-117.230360
1437777168,32.903151,-117.230690
1437777288,32.903168,-117.230682
1437777405,32.903154,-117.230670
1437777526,32.903155,-117.230657
1437777645,32.903120,-117.230355
1437777765,32.903127,-117.230356
1437777824,32.903125,-117.230357
1437777889,32.903143,-117.230361
1437777946,32.903154,-117.230355
1437778011,32.903153,-117.230373
1437778127,32.903149,-117.230357
1437778246,32.903153,-117.230351
1437778367,32.903150,-117.230369
1437778438,32.903158,-117.230340
1437778509,32.903154,-117.230326
1437778549,32.903216,-117.230487
1437778610,32.903188,-117.230541
1437778677,32.903148,-117.230340
1437778749,32.903150,-117.230346
1437778789,32.903149,-117.230341
1437778846,32.903149,-117.230349
1437778909,32.903145,-117.230353
1437778969,32.903147,-117.230364
1437779029,32.903147,-117.230348
1437779089,32.903150,-117.230365
1437779149,32.903132,-117.230373
1437779216,32.903145,-117.230380
1437779276,32.903141,-117.230357
1437779336,32.903153,-117.230380
1437779384,32.903152,-117.230376
1437779461,32.903143,-117.230359
1437779521,32.903152,-117.230368
1437779582,32.903141,-117.230380
1437779632,32.903143,-117.230367
1437779689,32.903141,-117.230382
1437779747,32.903149,-117.230377
1437779821,32.903143,-117.230345
1437779882,32.903130,-117.230346
1437779984,32.903138,-117.230360
1437780061,32.903141,-117.230329
1437780143,32.903142,-117.230340
1437780178,32.903148,-117.230358
1437780285,32.903141,-117.230341
1437780405,32.903150,-117.230340
1437780467,32.903153,-117.230341
1437780529,32.903154,-117.230335
1437780646,32.903152,-117.230337
1437780766,32.903149,-117.230346
1437780829,32.903152,-117.230341
1437780946,32.903155,-117.230344
1437781020,32.903151,-117.230329
1437781081,32.903155,-117.230356
1437781131,32.903159,-117.230355
1437781184,32.903155,-117.230356
1437781308,32.903154,-117.230354
1437781426,32.903148,-117.230341
1437781489,32.903111,-117.230585
1437781596,32.902985,-117.229482
1437781660,32.901633,-117.224985
1437781720,32.896553,-117.226315
1437781782,32.894157,-117.227119
1437781838,32.887410,-117.228516
1437781911,32.887354,-117.228433
1437781956,32.884831,-117.222458
1437782033,32.879763,-117.215851
1437782077,32.875928,-117.213998
1437782137,32.874876,-117.213977
1437782259,32.867335,-117.213557
1437782329,32.865113,-117.208998
1437782376,32.864851,-117.209620
1437782458,32.864853,-117.209623
1437782500,32.865097,-117.209956
1437782557,32.865091,-117.209943
1437782616,32.865089,-117.209962
1437782739,32.865068,-117.209977
1437782824,32.865055,-117.209977
1437782861,32.865055,-117.209987
1437782916,32.865058,-117.209991
1437782976,32.865061,-117.209992
1437783036,32.865066,-117.210004
1437783096,32.865068,-117.210004
1437783216,32.864813,-117.209643
1437783289,32.863907,-117.204138
1437783350,32.868701,-117.198684
1437783409,32.870700,-117.200784
1437783467,32.872731,-117.202047
1437783588,32.871698,-117.201657
1437783651,32.871797,-117.203382
1437783707,32.872732,-117.203008
1437783765,32.872967,-117.203080
1437783831,32.872651,-117.202670
1437783896,32.872741,-117.202233
1437783964,32.871907,-117.202608
1437784024,32.871579,-117.202501
1437784085,32.871365,-117.202553
1437784158,32.871738,-117.202576
1437784206,32.871753,-117.202541
1437784370,32.871357,-117.202540
1437784442,32.871330,-117.202521
1437784489,32.871335,-117.202529
1437784563,32.871627,-117.202647
1437784771,32.871371,-117.202550
1437785038,32.871367,-117.202552
1437785151,32.871496,-117.202637
1437785212,32.871542,-117.202635
1437785351,32.871567,-117.202591
1437785498,32.871603,-117.202612
1437785556,32.871613,-117.202597
1437785625,32.871626,-117.202588
1437785685,32.871627,-117.202593
1437786022,32.871892,-117.202523
1437786080,32.871767,-117.202558
1437786207,32.871789,-117.202560
1437786332,32.871754,-117.202539
1437786397,32.871727,-117.202524
1437786679,32.871475,-117.202608
1437786739,32.871509,-117.202515
1437786897,32.871539,-117.202549
1437787145,32.871717,-117.202532
1437788344,32.871375,-117.202563
1437788477,32.871370,-117.202559
1437788602,32.871376,-117.202549
1437788663,32.871736,-117.202631
1437788723,32.871993,-117.202543
1437788781,32.872186,-117.201996
1437788913,32.872692,-117.202679
1437789033,32.867148,-117.197602
1437790028,32.865136,-117.210030
1437790167,32.865092,-117.209976
1437790716,32.864936,-117.209245
1437793839,32.914680,-117.131459
1437794109,32.914586,-117.131398
1437798152,32.912735,-117.143512
1437798228,32.912503,-117.149208
1437798280,32.908933,-117.163521
1437798339,32.907688,-117.171034
1437802008,32.859785,-117.219814
1437802071,32.859782,-117.219843
1437805627,32.865029,-117.210201
1437805692,32.865023,-117.210195
1437805751,32.865031,-117.210110
1437806868,32.865156,-117.210108
1437806942,32.865064,-117.210096
1437807016,32.865061,-117.210096
1437807072,32.865052,-117.210094
1437807129,32.865068,-117.210089
1437807185,32.865065,-117.210087
1437807242,32.865069,-117.210079
1437807317,32.865066,-117.210076
1437807363,32.865062,-117.210073
1437807439,32.865064,-117.210075
1437807497,32.865053,-117.210071
1437807543,32.865052,-117.210072
1437807613,32.865056,-117.210074
1437807680,32.865060,-117.210074
1437807726,32.865060,-117.210073
1437807793,32.865066,-117.210071
1437807843,32.865061,-117.210077
1437807912,32.865059,-117.210076
1437807979,32.865052,-117.210077
1437808025,32.865049,-117.210078
1437808091,32.865050,-117.210076
1437808143,32.865048,-117.210076
1437808214,32.865047,-117.210076
1437808277,32.865045,-117.210076
1437808323,32.865045,-117.210075
1437808394,32.865047,-117.210072
1437808444,32.865048,-117.210069
1437808509,32.865047,-117.210069
1437808575,32.865047,-117.210069
1437808622,32.865046,-117.210068
1437808689,32.865044,-117.210067
1437808744,32.865042,-117.210068
1437808807,32.865043,-117.210067
1437808874,32.865043,-117.210066
1437808923,32.865042,-117.210068
1437808989,32.865041,-117.210068
1437809044,32.865041,-117.210069
1437809114,32.865040,-117.210069
1437809162,32.865039,-117.210070
1437809228,32.865037,-117.210072
1437809294,32.865037,-117.210071
1437809342,32.865038,-117.210071
1437809409,32.865038,-117.210071
1437809474,32.865036,-117.210072
1437809522,32.865036,-117.210072
1437809589,32.865037,-117.210072
1437809645,32.865037,-117.210072
1437809702,32.865036,-117.210072
1437809779,32.865036,-117.210072
1437809826,32.865037,-117.210072
1437809883,32.865037,-117.210071
1437809946,32.865038,-117.210071
1437810002,32.865038,-117.210070
1437810077,32.865037,-117.210071
1437810128,32.865038,-117.210070
1437810194,32.865039,-117.210070
1437810242,32.865039,-117.210069
1437810311,32.865039,-117.210069
1437810376,32.865039,-117.210069
1437810422,32.865039,-117.210069
1437810490,32.865039,-117.210068
1437810546,32.865039,-117.210068
1437810617,32.865040,-117.210068
1437810663,32.865040,-117.210069
1437810731,32.865040,-117.210069
1437810799,32.865039,-117.210069
1437810846,32.865038,-117.210070
1437810917,32.865039,-117.210070
1437810963,32.865038,-117.210070
1437811031,32.865038,-117.210071
1437811097,32.865037,-117.210071
1437811143,32.865037,-117.210071
1437811212,32.865038,-117.210072
1437811278,32.865037,-117.210072
1437811323,32.865037,-117.210071
1437811390,32.865037,-117.210071
1437811447,32.865038,-117.210070
1437811516,32.865038,-117.210071
1437811562,32.865039,-117.210072
1437811630,32.865040,-117.210071
1437811696,32.865040,-117.210070
1437811744,32.865040,-117.210071
1437811813,32.865040,-117.210070
1437811878,32.865040,-117.210070
1437811924,32.865040,-117.210070
1437811989,32.865041,-117.210070
1437812047,32.865040,-117.210070
1437812113,32.865040,-117.210069
1437812179,32.865040,-117.210069
1437812227,32.865040,-117.210069
1437812294,32.865040,-117.210069
1437812342,32.865040,-117.210070
1437812407,32.865040,-117.210069
1437812474,32.865040,-117.210068
1437812522,32.865040,-117.210068
1437812588,32.865040,-117.210068
1437812648,32.865040,-117.210068
1437812712,32.865040,-117.210069
1437812777,32.865040,-117.210068
1437812823,32.865040,-117.210069
1437812889,32.865040,-117.210069
1437812943,32.865040,-117.210068
1437813015,32.865040,-117.210068
1437813062,32.865040,-117.210068
1437813128,32.865041,-117.210069
1437813195,32.865041,-117.210069
1437813242,32.865041,-117.210069
1437813311,32.865041,-117.210069
1437813377,32.865041,-117.210069
1437813423,32.865041,-117.210069
1437813484,32.865041,-117.210070
1437813548,32.865041,-117.210070
1437813613,32.865041,-117.210071
1437813678,32.865040,-117.210072
1437813726,32.865040,-117.210072
1437813792,32.865040,-117.210072
1437813849,32.865040,-117.210073
1437813919,32.865041,-117.210072
1437813964,32.865041,-117.210073
1437814031,32.865041,-117.210073
1437814098,32.865041,-117.210073
1437814143,32.865041,-117.210074
1437814208,32.865041,-117.210074
1437814274,32.865041,-117.210074
1437814322,32.865041,-117.210074
1437814388,32.865042,-117.210074
1437814454,32.865042,-117.210074
1437814503,32.865042,-117.210075
1437814570,32.865042,-117.210075
1437814638,32.865043,-117.210075
1437814684,32.865043,-117.210075
1437814749,32.865043,-117.210075
1437814818,32.865043,-117.210075
1437814864,32.865043,-117.210075
1437814930,32.865043,-117.210075
1437814996,32.865044,-117.210075
1437815042,32.865044,-117.210076
1437815111,32.865096,-117.210084
1437815178,32.865116,-117.210107
1437815225,32.865115,-117.210112
1437834894,32.865048,-117.210014
1437834952,32.865090,-117.210025
1437835074,32.865059,-117.210089
1437835139,32.865050,-117.210120
1437835192,32.865050,-117.209882
1437835258,32.865062,-117.209787
1437835323,32.864925,-117.209311
1437835379,32.865845,-117.208953
1437835442,32.867145,-117.211218
1437835502,32.867044,-117.213441
1437835569,32.866731,-117.216819
1437835622,32.867507,-117.218852
1437835685,32.865360,-117.221221
1437835752,32.861551,-117.224031
1437835803,32.860887,-117.225462
1437835866,32.854335,-117.230382
1437835931,32.853720,-117.231289
1437835978,32.852062,-117.232750
1437836059,32.847763,-117.235218
1437836113,32.843680,-117.235951
1437836162,32.840367,-117.235210
1437836218,32.838386,-117.233726
1437836279,32.832457,-117.231902
1437836339,32.834881,-117.232472
1437836404,32.838155,-117.233543
1437836470,32.841918,-117.235653
1437836519,32.845118,-117.235855
1437836585,32.848866,-117.234698
1437836648,32.851661,-117.232838
1437836699,32.852843,-117.231837
1437836760,32.856343,-117.227716
1437836832,32.858686,-117.224818
1437836883,32.861063,-117.225374
1437836938,32.861311,-117.221635
1437836999,32.861889,-117.216725
1437837077,32.864145,-117.212902
1437837118,32.864212,-117.211669
1437837197,32.865043,-117.209803
1437837242,32.865100,-117.209895
1437837317,32.865057,-117.209982
1437837372,32.865029,-117.210016
1437837426,32.865010,-117.209936
1437837539,32.865035,-117.209991
1437837612,32.865028,-117.209993
1437837664,32.865025,-117.210006
1437837730,32.865016,-117.210010
1437837778,32.865024,-117.210013
1437837840,32.865026,-117.210018
1437837900,32.865036,-117.210019
1437837960,32.865034,-117.210016
1437838020,32.865036,-117.210017
1437838081,32.865032,-117.210020
1437838207,32.865035,-117.210020
1437838373,32.865036,-117.210036
1437838453,32.865059,-117.210061
1437838651,32.865057,-117.210051
1437838724,32.865045,-117.210057
1437838772,32.865046,-117.210054
1437838966,32.864850,-117.209175
1437839093,32.864873,-117.209200
1437839193,32.864893,-117.209220
1437839272,32.864872,-117.209215
1437839312,32.864851,-117.209224
1437839384,32.864858,-117.209198
1437839435,32.864853,-117.209217
1437839777,32.852205,-117.183403
1437840057,32.853040,-117.183208
1437840101,32.853024,-117.183208
1437840162,32.853043,-117.183196
1437843529,32.853054,-117.183198
1437843600,32.853046,-117.183193
1437848212,32.853015,-117.183223
1437848273,32.853041,-117.183194
1437848859,32.853033,-117.183203
1437848971,32.853031,-117.183197
1437854449,32.853037,-117.183232
1437854567,32.852744,-117.182965
1437854860,32.870564,-117.193884
1437855005,32.865269,-117.208414
1437855091,32.865103,-117.209924
1437855265,32.865141,-117.210083
1437855390,32.865147,-117.210070
1437855468,32.865133,-117.210074
1437855571,32.865113,-117.210087
1437855704,32.865089,-117.210063
1437855841,32.865051,-117.210060
1437856486,32.865079,-117.210022
1437856626,32.865182,-117.208719
1437856683,32.866895,-117.210792
1437856744,32.866953,-117.213331
1437857448,32.866906,-117.214253
1437857506,32.866914,-117.214258
1437861904,32.872750,-117.222830
1437861981,32.872775,-117.222842
1437862065,32.872801,-117.222853
1437862125,nan,nan
1437862199,32.872874,-117.222833
1437862330,nan,nan
1437862392,32.872917,-117.222824
1437862694,32.873059,-117.222772
1437862762,nan,nan
1437862840,nan,nan
1437864237,32.902676,-117.223733
1437864348,32.925763,-117.239284
1437867606,32.975641,-117.262112
1437868863,32.975787,-117.262877
1437868923,32.975742,-117.262886
1437868984,32.975737,-117.262900
1437869110,32.975794,-117.262795
1437869232,32.975741,-117.262109
1437869349,32.975725,-117.261999
1437869480,32.975719,-117.262014
1437869732,32.975699,-117.262058
1437869970,32.975708,-117.262127
1437870038,32.975709,-117.262126
1437870087,32.975706,-117.262130
1437870148,32.975706,-117.262129
1437870208,32.975707,-117.262124
1437870278,32.975704,-117.262127
1437870484,32.975796,-117.262827
1437870547,32.975788,-117.262829
1437872582,32.975700,-117.262107
1437872662,32.975754,-117.262130
1437873420,32.975703,-117.262129
1437873491,32.975711,-117.262119
1437873555,32.975501,-117.261906
1437873833,32.975731,-117.262159
1437873975,32.975667,-117.262122
1437876456,32.975559,-117.266557
1437876618,32.975578,-117.266565
1437877204,32.975527,-117.266551
1437877261,32.975535,-117.266552
1437877342,32.975542,-117.266555
1437884765,32.974434,-117.254012
1437884973,32.974415,-117.253994
1437885027,32.974417,-117.253990
1437885093,32.974419,-117.253988
1437887242,32.873171,-117.217682
1437887322,32.873173,-117.218245
1437887365,nan,nan
1437887485,nan,nan
1437887556,32.873499,-117.217814
1437887670,nan,nan
1437891502,32.873547,-117.218060
1437894930,32.865023,-117.210085
1437894990,32.865025,-117.210088
1437895050,32.865064,-117.210062
1437895114,32.865063,-117.210055
1437895243,32.865071,-117.210056
1437895295,32.865073,-117.210055
1437895356,32.865070,-117.210055
1437895427,32.865073,-117.210052
1437895488,32.865072,-117.210053
1437895599,32.865072,-117.210053
1437895658,32.865070,-117.210055
1437895778,32.865070,-117.210056
1437895836,32.865069,-117.210055
1437895898,32.865069,-117.210054
1437895959,32.865067,-117.210058
1437896019,32.865064,-117.210056
1437896080,32.865063,-117.210055
1437896140,32.865062,-117.210055
1437896201,32.865062,-117.210054
1437896262,32.865062,-117.210054
1437896354,32.864929,-117.210093
1437896375,32.865008,-117.210071
1437896528,32.864980,-117.210044
1437896556,32.865071,-117.210015
1437896620,32.865064,-117.210027
1437896676,32.865065,-117.210031
1437896752,32.865051,-117.210031
1437896821,32.865046,-117.210030
1437896915,32.865028,-117.210031
1437896981,32.865026,-117.210035
1437897038,32.865021,-117.210048
1437897156,32.864982,-117.210189
1437897217,32.865012,-117.210079
1437897278,32.865005,-117.210088
1437897339,32.865006,-117.210088
1437897402,32.865020,-117.210088
1437897462,32.865025,-117.210079
1437897522,32.865070,-117.210037
1437897614,32.865045,-117.210047
1437897645,32.865047,-117.210038
1437897718,32.865050,-117.210037
1437897755,32.865046,-117.210041
1437897876,32.865038,-117.210045
1437897936,32.865034,-117.210048
1437898055,32.865079,-117.210080
1437898177,32.865054,-117.210078
1437898296,32.865051,-117.210077
1437898416,32.865057,-117.210076
1437898477,32.865049,-117.210077
1437898536,32.865047,-117.210078
1437898599,32.865046,-117.210077
1437898716,32.865053,-117.210074
1437898835,32.865058,-117.210072
1437898955,32.865099,-117.210024
1437899076,32.865070,-117.210013
1437899196,32.865049,-117.210034
1437899259,32.865057,-117.210044
1437899377,32.865054,-117.210052
1437899455,32.865053,-117.210054
1437899555,32.865056,-117.210054
1437899676,32.865054,-117.210056
1437899797,32.865056,-117.210055
1437899869,32.865051,-117.210055
1437899916,32.865051,-117.210055
1437900035,32.865049,-117.210059
1437900157,32.865049,-117.210059
1437900215,32.865045,-117.210063
1437900335,32.865154,-117.210091
1437900456,32.865015,-117.210065
1437905677,32.865056,-117.210083
1437905740,32.865055,-117.210080
1437905800,32.865053,-117.210076
1437905862,32.865056,-117.210073
1437905924,32.865062,-117.210070
1437905988,32.865064,-117.210071
1437906050,32.865064,-117.210070
1437906114,32.865064,-117.210067
1437906177,32.865062,-117.210067
1437906240,32.865063,-117.210063
1437906302,32.865063,-117.210064
1437906364,32.865063,-117.210064
1437906402,32.865064,-117.210064
1437906463,32.865065,-117.210063
1437906557,32.865065,-117.210063
1437906636,32.865066,-117.210062
1437906699,32.865067,-117.210062
1437906760,32.865067,-117.210062
1437906879,32.865064,-117.210007
1437906936,32.865043,-117.210031
1437907029,32.865045,-117.210032
1437907091,32.865045,-117.210044
1437907154,32.865036,-117.210046
1437907198,32.865036,-117.210049
1437907237,32.865041,-117.210042
1437907336,32.865005,-117.209985
1437907416,32.865017,-117.209996
1437907479,32.865023,-117.210029
1437907541,32.865034,-117.210036
1437907600,32.865047,-117.210029
1437907662,32.865043,-117.210060
1437907737,32.865044,-117.210058
1437907775,32.865042,-117.210059
1437907877,32.865041,-117.210060
1437907939,32.865045,-117.210053
1437907996,32.865047,-117.210049
1437908079,32.865043,-117.210053
1437908155,32.865043,-117.210049
1437908220,32.865041,-117.210041
1437908259,32.865041,-117.210037
1437908358,32.865046,-117.210036
1437908437,32.865045,-117.210042
1437908499,32.865048,-117.210044
1437908556,32.865050,-117.210046
1437908617,32.865052,-117.210048
1437908679,32.865051,-117.210048
1437908745,32.865055,-117.210048
1437908807,32.865056,-117.210047
1437908870,32.865054,-117.210049
1437908933,32.865054,-117.210050
1437908996,32.865054,-117.210050
1437909058,32.865054,-117.210051
1437909124,32.865053,-117.210052
1437909186,32.865055,-117.210052
1437909279,32.865057,-117.210050
1437909377,32.865057,-117.210050
1437909440,32.865057,-117.210050
1437909501,32.865056,-117.210050
1437909543,32.865055,-117.210050
1437909581,32.865054,-117.210051
1437909647,32.865054,-117.210051
1437909710,32.865054,-117.210050
1437909771,32.865053,-117.210053
1437909833,32.865054,-117.210051
1437909896,32.865052,-117.210052
1437909960,32.865053,-117.210052
1437909998,32.865052,-117.210053
1437910064,32.865052,-117.210052
1437910179,32.865052,-117.210053
1437910259,32.865051,-117.210054
1437910297,32.865051,-117.210054
1437910368,32.865051,-117.210054
1437910476,32.865052,-117.210054
1437910598,32.865052,-117.210054
1437910670,32.865051,-117.210057
1437910733,32.865051,-117.210057
1437910775,32.865051,-117.210057
1437910876,32.865051,-117.210056
1437910956,32.865052,-117.210057
1437911078,32.865052,-117.210058
1437911140,32.865053,-117.210058
1437911195,32.865053,-117.210058
1437911260,32.865054,-117.210058
1437911323,32.865054,-117.210058
1437911386,32.865055,-117.210057
1437911449,32.865056,-117.210057
1437911510,32.865057,-117.210057
1437911555,32.865057,-117.210057
1437911617,32.865057,-117.210058
1437911681,32.865058,-117.210059
1437911778,32.865059,-117.210059
1437911859,32.865060,-117.210059
1437911957,32.865065,-117.210120
1437912041,32.865061,-117.210088
1437912156,32.865124,-117.210165
1437912217,32.865107,-117.210090
1437912279,32.865103,-117.210078
1437912401,32.865068,-117.210084
1437912455,32.865081,-117.210068
1437912525,32.865072,-117.210077
1437912635,32.865061,-117.210087
1437912699,32.865066,-117.210076
1437912762,32.865079,-117.210070
1437912876,32.865085,-117.210069
1437912973,32.865089,-117.210066
1437913056,32.865091,-117.210066
1437913154,32.865091,-117.210065
1437913241,32.865092,-117.210065
1437913340,32.865093,-117.210069
1437913396,32.865092,-117.210069
1437913458,32.865092,-117.210074
1437913602,32.865092,-117.210075
1437913665,32.865089,-117.210074
1437913728,32.865086,-117.210073
1437913790,32.865084,-117.210074
1437913853,32.865082,-117.210074
1437913917,32.865078,-117.210074
1437913962,32.865076,-117.210073
1437914087,32.865074,-117.210073
1437914152,32.865073,-117.210074
1437914214,32.865071,-117.210073
1437914277,32.865070,-117.210075
1437914316,32.865068,-117.210075
1437914378,32.865067,-117.210075
1437914435,32.865066,-117.210075
1437914500,32.865066,-117.210075
1437914562,32.865065,-117.210076
1437914626,32.865064,-117.210075
1437914688,32.865062,-117.210076
1437914752,32.865061,-117.210075
1437914814,32.865060,-117.210077
1437914876,32.865059,-117.210078
1437914938,32.865058,-117.210078
1437914981,32.865058,-117.210076
1437915096,32.864987,-117.209957
1437915159,32.865014,-117.210006
1437915221,32.865033,-117.210024
1437915284,32.865038,-117.210041
1437915378,32.865038,-117.210045
1437915418,32.865036,-117.210046
1437915457,32.865043,-117.210057
1437915517,32.865042,-117.210055
1437915579,32.865042,-117.210056
1437915665,32.865041,-117.210057
1437915704,32.865040,-117.210059
1437915795,32.865039,-117.210060
1437915857,32.865036,-117.210061
1437915919,32.865036,-117.210060
1437915955,32.865034,-117.210060
1437916057,32.865033,-117.210061
1437916175,32.865146,-117.210044
1437916246,32.865199,-117.209982
1437916309,32.865132,-117.210037
1437916418,32.865091,-117.210050
1437916537,32.865112,-117.210036
1437916658,32.865280,-117.210018
1437916716,32.865160,-117.210018
1437916779,32.865098,-117.210017
1437916845,32.865075,-117.210017
1437916909,32.865092,-117.210024
1437916971,32.865096,-117.210023
1437917035,32.865102,-117.210015
1437917098,32.865089,-117.210023
1437917159,32.865092,-117.210029
1437917199,32.865085,-117.210033
1437917267,32.865075,-117.210036
1437917330,32.865078,-117.210036
1437917392,32.865076,-117.210036
1437917455,32.865068,-117.210043
1437917521,32.865060,-117.210048
1437917596,32.865063,-117.210046
1437917659,32.865066,-117.210042
1437917737,32.865067,-117.210042
1437917858,32.865068,-117.210041
1437917920,32.865065,-117.210041
1437917984,32.865048,-117.209938
1437918047,32.865037,-117.209986
1437918111,32.864995,-117.210058
1437918174,32.864989,-117.210068
1437918237,32.864988,-117.210078
1437918300,32.864995,-117.210088
1437918363,32.864991,-117.210091
1437918401,32.864985,-117.210096
1437918463,32.864995,-117.210091
1437918527,32.864998,-117.210090
1437918590,32.864996,-117.210091
1437918664,32.864994,-117.210091
1437921789,32.864843,-117.209673
1437921864,32.864351,-117.212488
1437921910,32.864167,-117.214380
1437921985,32.861357,-117.220323
1437922049,32.860586,-117.225408
1437922089,32.856689,-117.227835
1437922161,32.849146,-117.234708
1437922230,32.843795,-117.236686
1437922269,32.834088,-117.233335
1437922335,32.818080,-117.225392
1437922391,32.805144,-117.214765
1437922446,32.791104,-117.207321
1437922509,32.773627,-117.207759
1437922566,32.758558,-117.203917
1437922627,32.746088,-117.190465
1437922689,32.735798,-117.175401
1437922751,32.723606,-117.164512
1437922812,32.720139,-117.155582
1437922866,32.717825,-117.156512
1437922932,32.717777,-117.157071
1437922996,32.717244,-117.157429
1437923055,32.717613,-117.157532
1437923118,32.717818,-117.158569
1437923191,32.717865,-117.159331
1437923232,32.717822,-117.159277
1437923291,32.717799,-117.159258
1437923351,32.717911,-117.159252
1437923411,32.717958,-117.159255
1437923471,32.718014,-117.159226
1437923531,32.718090,-117.159197
1437923591,32.718086,-117.159195
1437923651,32.718070,-117.159237
1437923717,32.718047,-117.159237
1437923775,32.718055,-117.159285
1437923844,32.718188,-117.158803
1437923902,32.718187,-117.158815
1437924074,32.718156,-117.158853
1437924213,32.718110,-117.158797
1437924279,32.718152,-117.158743
1437924417,32.718307,-117.158413
1437924481,32.718277,-117.158430
1437924537,32.718276,-117.158436
1437925029,32.717888,-117.159355
1437925445,32.717898,-117.159287
1437925673,32.717856,-117.159196
1437925747,32.718152,-117.158824
1437926551,32.717567,-117.158656
1437926700,32.717918,-117.158674
1437926845,32.717916,-117.158716
1437926961,32.717857,-117.158971
1437927192,32.717849,-117.158879
1437928575,32.865097,-117.209927
1437928636,32.865097,-117.209927
1437928774,32.864974,-117.209949
1437929033,32.865094,-117.209934
1437929186,32.865004,-117.210005
1437929350,32.865041,-117.209941
1437929408,32.865041,-117.209947
1437929546,32.865041,-117.209951
1437929849,32.865039,-117.210062
1437929925,32.865024,-117.210060
1437930051,32.865035,-117.210044
1437930326,32.865067,-117.210033
1437930459,32.865072,-117.210020
1437930678,32.865153,-117.210140
1437930800,32.865100,-117.210104
1437930917,32.865034,-117.209978
1437931108,32.865002,-117.210029
1437931166,32.865190,-117.209973
1437931226,32.865126,-117.210022
1437931373,32.865132,-117.210017
1437931453,32.865118,-117.209981
1437931492,32.865080,-117.209967
1437931564,32.865096,-117.209977
1437931678,32.865083,-117.209987
1437931754,32.865084,-117.209993
1437931801,32.865084,-117.209995
1437931894,32.865124,-117.209997
1437931923,32.865123,-117.210009
1437932085,32.865098,-117.210012
1437932181,32.865096,-117.210010
1437932338,32.865098,-117.210050
1437932401,32.865032,-117.210023
1437932461,32.865059,-117.209965
1437932521,32.865056,-117.209961
1437932590,32.865070,-117.209968
1437933213,32.865134,-117.210080
1437933338,32.865105,-117.210044
1437933397,32.865084,-117.210019
1437936026,32.863694,-117.211283
1437936089,32.863694,-117.211279
1437936315,32.863332,-117.210146
1437936456,32.863290,-117.210369
1437936706,32.865035,-117.209837
1437936824,32.865024,-117.209926
1437937009,32.865025,-117.209979
1437937077,32.865016,-117.209988
1437937131,32.865007,-117.209975
1437937437,32.865008,-117.209973
1437937554,32.865005,-117.209978
1437940644,32.865046,-117.210055
1437940775,32.864999,-117.210148
1437940845,32.865016,-117.210096
1437940892,32.865041,-117.210053
1437942870,32.865091,-117.210017
1437942993,32.865094,-117.210023
1437943348,32.865007,-117.210005
1437943535,32.865109,-117.210055
1437943605,32.865110,-117.210063
1437943721,32.865116,-117.210071
1437943803,32.865113,-117.210072
1437944065,32.865044,-117.210142
1437951935,32.865059,-117.210089
1437951995,32.865061,-117.210076
1437952053,32.865060,-117.210076
1437952562,32.865068,-117.210047
1437952686,32.865059,-117.210037
1437952777,32.865070,-117.210038
1437952833,32.865070,-117.210037
1437953561,32.865092,-117.210060
1437954745,32.862439,-117.223752
1437954810,32.862554,-117.223570
1437954867,32.862619,-117.223686
1437955384,32.862745,-117.223666
1437955753,32.862466,-117.223371
1437956708,32.865060,-117.209949
1437957588,32.863103,-117.208973
1437957718,32.863083,-117.208983
1437957776,32.863088,-117.208989
1437958206,32.863048,-117.208973
1437960181,32.865137,-117.210033
1437961368,32.863965,-117.209230
1437961442,32.863973,-117.209424
1437961486,32.863995,-117.209406
1437961608,32.863999,-117.209387
1437961741,32.864011,-117.209202
1437961825,32.864003,-117.209149
1437965484,32.863432,-117.192639
1437965547,32.863005,-117.194515
1437966144,32.865059,-117.209564
1437966262,32.865060,-117.210005
1437966348,32.865073,-117.210055
1437974988,32.865010,-117.210041
1437975056,32.865004,-117.210039
1437975114,32.865004,-117.210052
1437975234,32.865032,-117.210072
1437975302,32.865060,-117.210041
1437975371,32.865056,-117.210040
1437975414,32.865068,-117.210045
1437975490,32.865055,-117.210051
1437975597,32.865054,-117.210047
1437975667,32.865055,-117.210050
1437975741,32.865053,-117.210050
1437975801,32.865049,-117.210048
1437975861,32.865049,-117.210046
1437975921,32.865047,-117.210046
1437975982,32.865046,-117.210044
1437976034,32.865044,-117.210042
1437976103,32.865047,-117.210043
1437976164,32.865050,-117.210043
1437976199,32.865046,-117.210043
1437976285,32.865046,-117.210042
1437976348,32.865047,-117.210042
1437976381,32.865048,-117.210041
1437976468,32.865050,-117.210042
1437976501,32.865049,-117.210040
1437976615,32.865103,-117.210064
1437976675,32.865100,-117.210058
1437976734,32.865090,-117.210068
1437976795,32.865070,-117.210081
1437976854,32.865061,-117.210082
1437976915,32.865075,-117.210086
1437976975,32.865068,-117.210097
1437977036,32.865061,-117.210091
1437977096,32.865061,-117.210084
1437977157,32.865061,-117.210074
1437977217,32.865063,-117.210071
1437977277,32.865064,-117.210076
1437977337,32.865067,-117.210073
1437977399,32.865073,-117.210071
1437977459,32.865078,-117.210068
1437977525,32.865080,-117.210068
1437977635,32.865078,-117.210067
1437977695,32.865077,-117.210067
1437977774,32.865077,-117.210067
1437977834,32.865076,-117.210067
1437977901,32.865077,-117.210069
1437977963,32.865076,-117.210071
1437978022,32.865076,-117.210072
1437978062,32.865073,-117.210075
1437978149,32.864969,-117.210211
1437978190,32.864923,-117.210110
1437978327,32.865066,-117.209999
1437978356,32.864940,-117.210106
1438001658,32.865016,-117.209795
1438001724,32.865038,-117.209948
1438003535,32.843159,-117.279584
1438005480,32.843198,-117.279492
1438005543,32.843238,-117.279211
1438006979,32.843176,-117.279613
1438007039,32.843213,-117.279595
1438007112,32.843213,-117.279588
1438007154,32.843208,-117.279592
1438007406,32.843183,-117.279600
1438007493,32.843208,-117.279587
1438008505,32.843194,-117.279598
1438009466,32.843164,-117.279594
1438009588,32.843167,-117.279590
1438009644,32.843162,-117.279602
1438009819,32.843166,-117.279615
1438009966,32.843150,-117.279635
1438012558,32.843165,-117.279597
1438016888,32.843119,-117.279651
1438017009,32.843119,-117.279651
1438019578,32.843162,-117.279603
1438019637,32.843149,-117.279635
1438019699,32.843159,-117.279612
1438021900,32.843185,-117.279590
1438022731,32.843186,-117.279602
1438022972,32.843179,-117.279592
1438023832,32.842769,-117.279396
1438023902,nan,nan
1438023961,32.839500,-117.278622
1438024100,32.842095,-117.272791
1438024326,32.850310,-117.252554
1438024766,32.885514,-117.227669
1438026491,32.903146,-117.230328
1438026551,32.903254,-117.230680
1438026611,32.903253,-117.230648
1438028874,32.903146,-117.230324
1438028934,32.903159,-117.230295
1438028994,32.903151,-117.230303
1438029113,32.903148,-117.230319
1438029238,32.903150,-117.230337
1438029358,32.903150,-117.230325
1438029428,32.903146,-117.230320
1438029502,32.903159,-117.230321
1438029617,32.903160,-117.230312
1438029738,32.903157,-117.230314
1438029811,32.903158,-117.230317
1438029865,32.903155,-117.230310
1438030045,32.903158,-117.230303
1438030179,32.903151,-117.230323
1438030747,32.903149,-117.230301
1438030808,32.903148,-117.230326
1438030868,32.903140,-117.230311
1438030931,32.903186,-117.230593
1438031048,32.903202,-117.230586
1438031170,32.903196,-117.230598
1438031286,32.903197,-117.230614
1438031346,32.903163,-117.230313
1438031406,32.903149,-117.230326
1438031885,32.903144,-117.230318
1438032978,32.903149,-117.230302
1438033036,32.903148,-117.230330
1438033293,32.903147,-117.230335
1438034313,32.903136,-117.230331
1438034355,32.903136,-117.230332
1438034708,32.903209,-117.230732
1438034771,32.903208,-117.230701
1438034825,32.903155,-117.230289
1438034962,32.903150,-117.230307
1438035126,32.903149,-117.230306
1438035181,32.903237,-117.230633
1438036005,32.903153,-117.230314
1438036039,32.903148,-117.230322
1438037035,32.903244,-117.230603
1438037094,32.903154,-117.230313
1438040588,32.903139,-117.230385
1438040656,32.903146,-117.230369
1438040716,32.903156,-117.230383
1438040777,32.903154,-117.230378
1438040837,32.903139,-117.230385
1438041143,32.903151,-117.230350
1438041273,32.903146,-117.230357
1438041334,32.903148,-117.230368
1438041458,32.903470,-117.230756
1438041517,32.903488,-117.230722
1438041643,32.903150,-117.230374
1438041993,32.903451,-117.230663
1438042170,32.903584,-117.231010
1438042284,32.903135,-117.230392
1438048423,nan,nan
1438051646,32.865109,-117.210043
1438051790,32.864864,-117.209678
1438058023,32.865055,-117.210045
1438059921,32.865048,-117.210048
1438059974,32.865044,-117.210054
1438060098,32.865046,-117.210055
1438060182,32.865048,-117.210052
1438060222,32.865059,-117.210044
1438060278,32.865051,-117.210053
1438060398,32.865195,-117.210009
1438060463,32.865113,-117.209999
1438060526,32.865088,-117.210003
1438060588,32.865076,-117.210004
1438060697,32.864996,-117.210067
1438060754,32.865030,-117.210041
1438060819,32.865057,-117.210042
1438060935,32.865061,-117.210039
1438060995,32.865073,-117.210042
1438061115,32.865107,-117.210010
1438061236,32.865091,-117.210024
1438061357,32.865080,-117.210046
1438061416,32.865090,-117.210037
1438061536,32.865091,-117.210033
1438061654,32.865096,-117.210038
1438061749,32.865098,-117.210047
1438061780,32.865072,-117.210052
1438061835,32.865089,-117.210044
1438061956,32.865096,-117.210051
1438062015,32.865094,-117.210049
1438062078,32.865090,-117.210049
1438062145,32.865089,-117.210051
1438062254,32.865089,-117.210048
1438062314,32.865089,-117.210048
1438062381,32.865089,-117.210048
1438085658,32.865059,-117.210055
1438085776,32.865068,-117.210089
1438085895,32.865040,-117.210061
1438085956,32.865037,-117.210079
1438086076,32.865041,-117.210068
1438086193,32.865046,-117.210082
1438086261,32.865036,-117.210076
1438086323,32.865036,-117.210077
1438086380,32.865037,-117.210074
1438086439,32.865039,-117.210083
1438086554,32.865036,-117.210072
1438086673,32.865040,-117.210048
1438086741,32.865054,-117.210075
1438086805,32.865055,-117.210073
1438086865,nan,nan
1438086913,nan,nan
